rod,node_index,x,y,z
rod1,0,0.0,0.0,0.0
rod1,1,0.0006517157695570827,0.010326854121368256,0.0
rod1,2,0.004382417163223489,0.02006558671405124,0.0
rod1,3,0.009159432742969124,0.029324110415057024,0.0
rod1,4,0.013919688372522995,0.038555513625068726,0.0
rod1,5,0.017930235439757962,0.04809050522256196,0.0
rod1,6,0.02039782488732675,0.05806568234385875,0.0
rod1,7,0.021582703421752076,0.06824803366543634,0.0
rod1,8,0.021755306442198218,0.07848508520020142,0.0
rod1,9,0.02124343810017302,0.08870499091574709,0.0
rod1,10,0.02036591706973122,0.09889387569002706,0.0
rod2,0,0.03,0.0045,0.0
rod2,1,0.029680586764943357,0.014200717412059012,0.0
rod2,2,0.030111512725647323,0.023901069529886933,0.0
rod2,3,0.03136490672918765,0.033544094576889456,0.0
rod2,4,0.032924112666899936,0.04316001680867121,0.0
rod2,5,0.033885762908125935,0.05286366237819344,0.0
rod2,6,0.03273052704173239,0.06255428998044218,0.0
rod2,7,0.03041404803114972,0.07205158301511666,0.0
rod2,8,0.027354786333610593,0.08134462886830196,0.0
rod2,9,0.023858700274564205,0.09048666662250426,0.0
rod2,10,0.020186539785173287,0.09956331486022002,0.0
