2026-04-17 12:17:40,0,360,411
2026-04-17 12:17:40,1,506,378
2026-04-17 12:17:40,2,367,362
2026-04-17 12:17:40,3,483,336
2026-04-17 12:17:40,4,360,321
2026-04-17 12:17:40,5,427,313
2026-04-17 12:17:40,6,469,298
2026-04-17 12:17:40,7,360,277
2026-04-17 12:17:40,8,452,260
2026-04-17 12:17:40,9,364,234
2026-04-17 12:17:40,10,440,222
2026-04-17 12:17:40,11,360,191
2026-04-17 12:17:40,12,419,176
2026-04-17 12:17:40,13,359,146
2026-04-17 12:17:40,14,399,133
2026-04-17 12:17:40,15,356,105
2026-04-17 12:17:40,16,383,95
2026-04-17 12:17:40,17,358,65
2026-04-17 12:17:40,18,356,36
2026-04-20 10:27:53,0,368,415
2026-04-20 10:27:53,1,513,383
2026-04-20 10:27:53,2,377,364
2026-04-20 10:27:53,3,493,339
2026-04-20 10:27:53,4,371,325
2026-04-20 10:27:53,5,481,301
2026-04-20 10:27:53,6,374,280
2026-04-20 10:27:53,7,464,262
2026-04-20 10:27:53,8,378,237
2026-04-20 10:27:53,9,454,223
2026-04-20 10:27:53,10,375,195
2026-04-20 10:27:53,11,432,177
2026-04-20 10:27:53,12,372,150
2026-04-20 10:27:53,13,413,135
2026-04-20 10:27:53,14,369,108
2026-04-20 10:27:53,15,394,97
2026-04-20 10:27:53,16,368,69
2026-04-20 10:27:53,17,365,39
2026-04-20 12:23:36,0,360,421
2026-04-20 12:23:36,1,485,394
2026-04-20 12:23:36,2,364,380
2026-04-20 12:23:36,3,467,357
2026-04-20 12:23:36,4,360,344
2026-04-20 12:23:36,5,453,325
2026-04-20 12:23:36,6,360,305
2026-04-20 12:23:36,7,439,291
2026-04-20 12:23:36,8,364,267
2026-04-20 12:23:36,9,429,257
2026-04-20 12:23:36,10,361,231
2026-04-20 12:23:36,11,411,217
2026-04-20 12:23:36,12,360,191
2026-04-20 12:23:36,13,395,179
2026-04-20 12:23:36,14,357,155
2026-04-20 12:23:36,15,380,147
2026-04-20 12:23:36,16,358,120
