Timestamp,Point_ID,X,Y
2026-04-03 13:00:10,0,694,584
2026-04-03 13:00:10,1,463,537
2026-04-03 13:00:10,2,683,506
2026-04-03 13:00:10,3,485,477
2026-04-03 13:00:10,4,684,438
2026-04-03 13:00:10,5,514,414
2026-04-03 13:00:10,7,689,373
2026-04-03 13:00:10,9,532,339
2026-04-03 13:00:10,10,697,312
2026-04-03 13:00:10,12,556,280
2026-04-03 13:00:10,15,694,220
2026-04-03 13:00:10,16,587,213
2026-04-03 13:00:10,18,613,161
2026-04-03 13:00:10,19,624,153
2026-04-03 13:00:10,20,675,105
2026-04-03 13:00:10,22,675,89
2026-04-03 13:00:10,24,676,34
2026-04-03 13:00:20,0,679,583
2026-04-03 13:00:20,1,448,534
2026-04-03 13:00:20,2,634,519
2026-04-03 13:00:20,3,449,469
2026-04-03 13:00:20,4,603,459
2026-04-03 13:00:20,5,576,402
2026-04-03 13:00:20,7,450,400
2026-04-03 13:00:20,9,694,354
2026-04-03 13:00:20,10,579,331
2026-04-03 13:00:20,11,444,333
2026-04-03 13:00:20,12,488,276
2026-04-03 13:00:20,13,484,256
2026-04-03 13:00:20,14,595,255
2026-04-03 13:00:20,15,510,207
2026-04-03 13:00:20,16,606,180
2026-04-03 13:00:20,18,560,157
2026-04-03 13:00:20,19,636,123
2026-04-03 13:00:20,20,591,110
2026-04-03 13:00:20,21,658,70
2026-04-03 13:00:20,22,681,27
2026-04-03 13:00:30,0,689,583
2026-04-03 13:00:30,1,458,535
2026-04-03 13:00:30,2,669,509
2026-04-03 13:00:30,3,479,472
2026-04-03 13:00:30,4,663,443
2026-04-03 13:00:30,5,499,408
2026-04-03 13:00:30,6,662,375
2026-04-03 13:00:30,7,512,344
2026-04-03 13:00:30,8,660,307
2026-04-03 13:00:30,9,561,282
2026-04-03 13:00:30,10,666,230
2026-04-03 13:00:30,11,573,220
2026-04-03 13:00:30,12,585,196
2026-04-03 13:00:30,14,660,156
2026-04-03 13:00:30,15,624,93
2026-04-03 13:00:30,16,666,96
2026-04-03 13:00:30,17,669,36
